Player,G#,GS,MP,FG,FGA,FG%,3P,3PA,3P%,FT,FTA,FT%,ORB,DRB,TRB,AST,STL,BLK,TOV,PF,PTS,GmSc
Kobe,1,0,1:00,1,1,1,0,0,,0,0,,0,0,0,0,0,0,0,0,2,1.7
Kobe,2,0,5:00,1,3,0.333,0,1,0,4,4,1,0,0,0,0,0,0,0,1,6,3.9
Kobe,3,0,27:00:00,7,13,0.538,2,3,0.667,6,8,0.75,0,4,4,2,1,0,4,5,22,12.5
Kobe,4,0,6:00,0,0,,0,0,,0,0,,0,0,0,0,0,0,0,0,0,0
Kobe,1,0,14:00,1,7,0.143,1,5,0.2,0,1,0,1,1,2,3,0,1,0,5,3,-0.1
Kobe,2,0,4:00,1,1,1,0,0,,0,0,,0,0,0,1,0,0,1,2,2,0.6
Kobe,3,0,19:00,3,7,0.429,0,2,0,13,14,0.929,0,1,1,3,1,1,3,3,19,14.8
Kobe,4,0,28:00:00,3,9,0.333,3,6,0.5,0,0,,0,2,2,0,0,0,5,4,9,-2.1
Kobe,5,0,29:00:00,4,14,0.286,0,6,0,3,3,1,0,2,2,2,1,0,1,3,11,3.6
Kobe,1,0,27:00:00,4,9,0.444,1,1,1,6,9,0.667,0,1,1,4,1,2,0,5,15,12.6
Kobe,2,0,24:00:00,2,7,0.286,0,0,,0,0,,0,3,3,4,0,1,1,2,4,2.5
Kobe,3,0,16:00,1,6,0.167,0,2,0,2,2,1,3,2,5,0,0,0,1,3,4,0.7
Kobe,4,0,36:00:00,9,16,0.563,1,1,1,3,4,0.75,0,3,3,4,0,1,1,4,22,15.8
Kobe,1,0,16:00,1,5,0.2,0,2,0,2,4,0.5,1,0,1,0,1,1,0,2,4,1.7
Kobe,4,0,3:00,0,0,,0,0,,0,0,,0,0,0,0,0,0,0,0,0,0
Kobe,5,0,11:00,3,3,1,1,1,1,0,0,,0,1,1,0,0,1,1,2,7,5.3
Kobe,1,0,31:00:00,4,14,0.286,0,5,0,8,12,0.667,2,2,4,2,0,1,0,0,16,10.3
Kobe,2,0,22:00,3,10,0.3,0,1,0,3,4,0.75,1,1,2,1,0,0,2,3,9,1.3
Kobe,3,0,15:00,2,4,0.5,0,1,0,5,7,0.714,0,0,0,1,0,0,2,4,9,3.3
Kobe,4,0,19:00,2,2,1,0,0,,2,3,0.667,0,1,1,0,1,1,3,3,6,2.8
Kobe,1,1,28:00:00,5,9,0.556,1,1,1,6,6,1,0,5,5,5,0,1,2,4,17,14.8
Kobe,2,1,38:00:00,8,15,0.533,1,3,0.333,2,2,1,2,7,9,5,3,1,4,1,19,18
Kobe,3,1,35:00:00,5,17,0.294,1,4,0.25,2,2,1,4,5,9,5,2,4,3,3,13,11.5
Kobe,4,1,47:00:00,9,25,0.36,1,3,0.333,5,6,0.833,1,5,6,8,3,2,3,1,24,18.5
Kobe,1,1,36:00:00,8,17,0.471,0,1,0,5,6,0.833,2,4,6,6,3,1,7,2,21,14.6
Kobe,2,1,47:00:00,12,25,0.48,1,3,0.333,3,5,0.6,1,7,8,4,0,0,5,3,28,13.9
Kobe,3,1,44:00:00,7,18,0.389,2,5,0.4,4,6,0.667,0,4,4,1,4,1,4,4,20,10.4
Kobe,4,1,40:00:00,7,16,0.438,1,3,0.333,1,2,0.5,3,5,8,3,0,0,3,6,16,7.5
Kobe,1,1,39:00:00,11,22,0.5,0,1,0,1,2,0.5,5,2,7,5,0,0,3,5,23,14.2
Kobe,2,1,37:00:00,12,20,0.6,3,3,1,5,6,0.833,0,4,4,1,2,0,1,2,32,24.5
Kobe,3,1,37:00:00,13,25,0.52,2,6,0.333,7,9,0.778,1,2,3,2,2,0,2,5,35,22.6
Kobe,4,1,46:00:00,13,30,0.433,0,3,0,6,8,0.75,2,4,6,4,2,0,7,4,32,14.2
Kobe,5,1,34:00:00,7,16,0.438,1,5,0.2,2,2,1,0,2,2,6,0,3,1,2,17,13.7
Kobe,1,1,34:00:00,8,17,0.471,1,2,0.5,8,10,0.8,3,3,6,1,3,3,3,4,25,19.7
Kobe,2,1,34:00:00,6,11,0.545,0,1,0,3,4,0.75,0,4,4,6,2,2,5,4,15,11.5
Kobe,3,1,47:00:00,8,20,0.4,0,2,0,9,13,0.692,2,3,5,2,2,2,3,4,25,15.1
Kobe,4,1,37:00:00,10,20,0.5,0,5,0,3,6,0.5,1,2,3,5,2,0,2,4,23,15
Kobe,5,1,34:00:00,6,16,0.375,1,3,0.333,4,4,1,1,0,1,3,1,0,2,3,17,8.8
Kobe,1,1,38:00:00,4,9,0.444,0,1,0,5,7,0.714,1,2,3,6,1,1,1,5,13,11.7
Kobe,2,1,42:00:00,2,9,0.222,1,2,0.5,7,8,0.875,0,2,2,4,2,1,2,5,12,8.2
Kobe,3,1,47:00:00,11,18,0.611,1,1,1,2,2,1,2,5,7,7,2,1,3,5,25,22.3
Kobe,4,1,46:00:00,5,15,0.333,2,3,0.667,6,7,0.857,1,3,4,7,2,3,3,4,18,15.1
Kobe,5,1,34:00:00,4,13,0.308,1,3,0.333,8,9,0.889,1,4,5,4,0,2,6,6,17,6.8
Kobe,6,1,48:00:00,12,24,0.5,6,9,0.667,3,6,0.5,0,2,2,6,4,3,3,5,33,25.7
Kobe,7,1,47:00:00,9,19,0.474,1,4,0.25,6,12,0.5,0,11,11,7,0,4,2,4,25,20.3
Kobe,1,1,38:00:00,6,13,0.462,0,2,0,2,2,1,0,3,3,5,1,2,2,4,14,10.5
Kobe,2,1,9:00,1,3,0.333,0,1,0,0,0,,0,1,1,4,0,1,0,1,2,3.7
Kobe,4,1,47:00:00,14,27,0.519,0,0,,0,0,,2,2,4,5,1,2,3,4,28,18
Kobe,5,1,37:00:00,4,20,0.2,0,1,0,0,0,,1,4,5,3,2,0,0,5,8,-0.4
Kobe,6,1,45:00:00,8,27,0.296,2,6,0.333,8,9,0.889,3,7,10,4,1,2,1,4,26,16.7
Kobe,1,1,41:00:00,9,20,0.45,1,2,0.5,9,12,0.75,1,5,6,7,2,0,0,4,28,23.9
Kobe,2,1,35:00:00,8,11,0.727,1,2,0.5,8,10,0.8,2,1,3,7,3,0,3,3,25,25.1
Kobe,3,1,43:00:00,9,23,0.391,0,2,0,4,6,0.667,1,3,4,9,2,0,3,4,22,14
Kobe,1,1,39:00:00,10,23,0.435,0,1,0,9,11,0.818,3,1,4,5,0,0,5,4,29,15.4
Kobe,2,1,47:00:00,9,19,0.474,0,2,0,9,10,0.9,1,8,9,5,1,1,4,4,27,19.6
Kobe,3,1,39:00:00,10,22,0.455,0,1,0,16,19,0.842,0,7,7,4,2,0,5,4,36,23.7
Kobe,4,1,48:00:00,15,29,0.517,1,1,1,17,19,0.895,9,7,16,3,2,1,2,2,48,43.3
Kobe,1,1,47:00:00,19,35,0.543,1,2,0.5,6,8,0.75,1,9,10,3,1,1,4,4,45,28.9
Kobe,2,1,47:00:00,11,24,0.458,1,4,0.25,5,6,0.833,1,6,7,6,2,1,2,4,28,21
Kobe,3,1,40:00:00,14,27,0.519,2,4,0.5,6,9,0.667,5,4,9,8,1,0,3,1,36,29.4
Kobe,4,1,34:00:00,10,19,0.526,1,4,0.25,3,3,1,0,2,2,11,2,1,2,4,24,22.1
Kobe,1,1,52:00:00,7,22,0.318,0,0,,1,1,1,0,3,3,5,1,3,6,4,15,2.3
Kobe,2,1,47:00:00,11,23,0.478,1,2,0.5,8,8,1,1,7,8,6,2,2,2,4,31,26.1
Kobe,3,1,48:00:00,13,30,0.433,0,2,0,6,6,1,0,6,6,3,2,0,3,2,32,18.3
Kobe,4,1,43:00:00,6,13,0.462,0,2,0,7,12,0.583,2,8,10,9,1,1,4,2,19,17.3
Kobe,5,1,44:00:00,7,18,0.389,2,3,0.667,10,11,0.909,2,10,12,6,1,1,3,3,26,21.9
Kobe,1,1,44:00:00,10,28,0.357,2,7,0.286,12,13,0.923,3,4,7,3,2,3,1,3,34,25.3
Kobe,2,1,43:00:00,5,21,0.238,1,4,0.25,8,9,0.889,1,5,6,5,2,0,3,5,19,8.6
Kobe,3,1,45:00:00,9,19,0.474,3,4,0.75,4,7,0.571,0,4,4,7,2,2,4,5,25,17.6
Kobe,1,1,38:00:00,8,18,0.444,0,3,0,4,10,0.4,0,2,2,4,0,0,3,4,20,7
Kobe,2,1,43:00:00,12,25,0.48,0,2,0,2,2,1,1,3,4,6,3,0,4,4,26,16.5
Kobe,3,1,48:00:00,15,31,0.484,0,2,0,1,3,0.333,2,4,6,6,0,1,1,1,31,20.6
Kobe,4,1,44:00:00,10,27,0.37,3,5,0.6,5,9,0.556,3,4,7,3,1,0,2,3,28,14.7
Kobe,5,1,46:00:00,10,20,0.5,0,1,0,6,7,0.857,3,5,8,5,1,0,0,1,26,23.3
Kobe,1,1,44:00:00,12,26,0.462,0,2,0,6,7,0.857,1,5,6,5,2,2,5,1,30,19.9
Kobe,2,1,40:00:00,9,21,0.429,1,2,0.5,3,5,0.6,1,5,6,2,1,1,4,3,22,10.2
Kobe,3,1,40:00:00,8,24,0.333,4,9,0.444,2,2,1,1,1,2,3,2,2,2,6,22,10.5
Kobe,4,1,42:00:00,12,26,0.462,0,1,0,1,3,0.333,2,2,4,2,2,3,4,5,25,12.3
Kobe,5,1,45:00:00,11,29,0.379,0,2,0,8,11,0.727,2,3,5,3,1,0,5,5,30,11.3
Kobe,6,1,44:00:00,10,20,0.5,0,0,,11,11,1,2,9,11,5,0,0,1,3,31,26.4
Kobe,7,1,52:00:00,10,26,0.385,2,3,0.667,8,10,0.8,3,7,10,7,2,0,0,5,30,24.1
Kobe,1,1,43:00:00,6,16,0.375,0,2,0,10,11,0.909,1,2,3,6,1,0,4,2,22,14.5
Kobe,2,1,42:00:00,9,15,0.6,3,3,1,3,4,0.75,1,7,8,3,2,1,4,2,24,19.5
Kobe,3,1,46:00:00,14,23,0.609,1,3,0.333,7,10,0.7,1,5,6,4,1,2,6,3,36,24.5
Kobe,4,1,44:00:00,7,16,0.438,2,3,0.667,9,11,0.818,0,6,6,8,2,0,1,4,25,22.6
Kobe,1,1,45:00:00,16,30,0.533,1,3,0.333,6,6,1,1,4,5,8,1,0,1,3,39,30.7
Kobe,2,1,46:00:00,9,28,0.321,2,6,0.333,7,9,0.778,0,4,4,8,1,0,3,4,27,13.4
Kobe,3,1,50:00:00,10,28,0.357,1,5,0.2,9,10,0.9,3,4,7,6,1,0,6,1,30,16.1
Kobe,4,1,47:00:00,7,25,0.28,2,3,0.667,16,17,0.941,1,4,5,5,3,0,1,2,32,23.5
Kobe,5,1,40:00:00,12,21,0.571,2,4,0.5,6,8,0.75,3,5,8,5,1,0,2,0,32,27.4
Kobe,6,1,42:00:00,14,26,0.538,2,7,0.286,1,2,0.5,1,1,2,8,1,0,2,4,31,22
Kobe,1,1,45:00:00,16,38,0.421,3,4,0.75,2,2,1,1,3,4,2,0,0,5,3,37,13.6
Kobe,2,1,41:00:00,9,24,0.375,2,6,0.333,7,10,0.7,0,6,6,1,0,0,5,4,27,8.5
Kobe,3,1,43:00:00,10,23,0.435,2,4,0.5,17,19,0.895,2,2,4,4,1,0,4,2,39,27.1
Kobe,4,1,40:00:00,10,24,0.417,1,4,0.25,14,17,0.824,2,5,7,3,2,1,2,5,35,24.7
Kobe,5,1,48:00:00,15,31,0.484,5,11,0.455,1,2,0.5,2,5,7,6,2,0,4,3,36,23.8
Kobe,6,1,43:00:00,9,19,0.474,2,5,0.4,0,2,0,0,2,2,6,1,0,7,4,20,6.7
Kobe,1,1,43:00:00,4,19,0.211,1,4,0.25,7,8,0.875,1,4,5,6,5,0,0,2,16,14.2
Kobe,2,1,45:00:00,9,20,0.45,2,6,0.333,16,17,0.941,0,4,4,4,1,0,1,3,36,28
Kobe,3,1,43:00:00,7,20,0.35,0,3,0,7,8,0.875,3,4,7,6,3,1,1,4,21,18
Kobe,4,1,50:00:00,7,21,0.333,0,2,0,4,5,0.8,2,4,6,5,2,0,3,4,18,9.2
Kobe,5,1,41:00:00,12,21,0.571,1,4,0.25,6,6,1,1,5,6,10,3,0,1,3,31,31.1
Kobe,1,1,45:00:00,10,26,0.385,2,6,0.333,9,10,0.9,2,8,10,4,2,0,4,1,31,20.6
Kobe,2,1,42:00:00,7,17,0.412,0,1,0,1,2,0.5,2,3,5,8,1,0,2,4,15,10.8
Kobe,3,1,42:00:00,7,13,0.538,4,7,0.571,4,8,0.5,0,6,6,6,2,0,5,3,22,15.9
Kobe,4,1,45:00:00,15,27,0.556,2,4,0.5,10,13,0.769,0,6,6,5,3,1,0,2,42,36.1
Kobe,5,1,47:00:00,11,27,0.407,0,4,0,0,0,,0,4,4,5,1,0,5,1,22,7.8
Kobe,6,1,44:00:00,10,20,0.5,0,3,0,6,8,0.75,0,7,7,7,1,0,4,2,26,18.4
Kobe,1,1,45:00:00,9,20,0.45,0,1,0,5,8,0.625,0,3,3,6,3,0,3,2,23,15.7
Kobe,2,1,41:00:00,10,24,0.417,0,4,0,7,10,0.7,2,3,5,6,2,0,2,1,27,19.1
Kobe,3,1,45:00:00,5,12,0.417,2,6,0.333,10,11,0.909,0,2,2,6,0,0,4,3,22,14.8
Kobe,4,1,41:00:00,10,24,0.417,2,8,0.25,9,10,0.9,2,6,8,4,1,1,4,3,31,20.3
Kobe,5,1,44:00:00,8,19,0.421,3,8,0.375,4,6,0.667,1,5,6,7,1,0,4,3,23,15
Kobe,6,1,39:00:00,6,17,0.353,1,3,0.333,7,11,0.636,0,0,0,4,2,1,0,3,20,13.2
Kobe,1,1,47:00:00,10,27,0.37,1,6,0.167,4,4,1,1,3,4,4,4,2,3,2,25,16.1
Kobe,2,1,49:00:00,14,27,0.519,1,5,0.2,4,5,0.8,0,4,4,7,2,0,5,5,33,20.4
Kobe,3,1,45:00:00,4,13,0.308,0,4,0,3,3,1,0,3,3,5,1,1,4,3,11,4.4
Kobe,4,1,45:00:00,8,25,0.32,2,6,0.333,2,2,1,0,0,0,2,1,0,3,3,20,3.9
Kobe,5,1,45:00:00,7,21,0.333,0,2,0,10,11,0.909,1,2,3,4,1,0,3,2,24,13
Kobe,1,1,46:51:00,7,21,0.333,1,6,0.167,7,8,0.875,1,5,6,5,0,1,3,3,22,11.9
Kobe,2,1,44:58:00,12,24,0.5,1,1,1,4,6,0.667,0,10,10,5,1,0,4,4,29,18.1
Kobe,3,1,45:40:00,6,18,0.333,0,3,0,5,6,0.833,1,4,5,7,4,0,4,2,17,12.4
Kobe,4,1,38:30:00,9,14,0.643,0,1,0,6,8,0.75,1,3,4,8,0,0,7,5,24,15.2
Kobe,5,1,43:03:00,10,17,0.588,3,8,0.375,6,9,0.667,0,7,7,5,0,1,5,3,29,20
Kobe,6,1,52:06:00,20,35,0.571,5,8,0.625,5,6,0.833,1,7,8,5,3,0,7,4,50,33.8
Kobe,7,1,43:06:00,8,16,0.5,4,8,0.5,4,5,0.8,0,4,4,1,0,1,3,4,24,13.6
Kobe,1,1,43:11:00,15,33,0.455,4,8,0.5,5,7,0.714,0,5,5,1,0,0,2,3,39,20.1
Kobe,2,1,34:09:00,5,13,0.385,1,4,0.25,4,4,1,1,3,4,5,1,0,3,0,15,11
Kobe,3,1,44:49:00,15,26,0.577,2,3,0.667,13,13,1,0,6,6,6,1,1,5,3,45,34.3
Kobe,4,1,46:22:00,12,25,0.48,1,5,0.2,6,6,1,0,7,7,9,2,1,6,2,31,22.6
Kobe,5,1,46:13:00,13,33,0.394,2,8,0.25,6,7,0.857,0,4,4,1,1,0,6,2,34,11.8
Kobe,1,1,37:03:00,9,26,0.346,1,5,0.2,13,14,0.929,0,3,3,1,1,2,1,5,32,18
Kobe,2,1,42:23:00,18,27,0.667,5,9,0.556,8,9,0.889,1,3,4,10,1,1,2,4,49,43.6
Kobe,3,1,36:09:00,9,19,0.474,1,8,0.125,3,5,0.6,1,6,7,8,1,1,2,2,22,18.5
Kobe,4,1,41:30:00,12,24,0.5,3,8,0.375,4,10,0.4,1,6,7,6,3,2,6,3,31,20.5
Kobe,1,1,39:56:00,8,16,0.5,1,2,0.5,21,23,0.913,0,6,6,7,1,0,3,3,38,32.7
Kobe,2,1,37:31:00,11,18,0.611,1,2,0.5,11,12,0.917,0,8,8,6,1,0,5,4,34,26.4
Kobe,3,1,42:04:00,10,20,0.5,0,6,0,14,17,0.824,2,4,6,7,0,1,4,4,34,25.4
Kobe,4,1,46:32:00,13,33,0.394,1,10,0.1,6,10,0.6,2,6,8,10,1,0,3,1,33,21.3
Kobe,5,1,41:03:00,6,10,0.6,1,2,0.5,13,17,0.765,0,6,6,7,2,0,4,3,26,23.3
Kobe,6,1,39:31:00,9,19,0.474,1,2,0.5,15,17,0.882,0,8,8,6,0,0,5,4,34,23.5
Kobe,1,1,43:34:00,11,21,0.524,1,3,0.333,4,4,1,0,5,5,9,1,0,1,1,27,24.1
Kobe,2,1,36:03:00,10,17,0.588,1,5,0.2,1,1,1,0,5,5,5,1,0,3,0,22,17.1
Kobe,3,1,37:47:00,13,23,0.565,4,9,0.444,0,1,0,1,4,5,1,3,0,4,3,30,19.1
Kobe,4,1,41:18:00,14,29,0.483,0,1,0,0,0,,2,8,10,1,1,0,2,1,28,16.4
Kobe,5,1,42:33:00,16,30,0.533,2,6,0.333,5,5,1,0,3,3,3,2,0,2,2,39,26.6
Kobe,1,1,41:52:00,9,26,0.346,0,3,0,6,6,1,0,3,3,6,1,1,4,3,24,11
Kobe,2,1,40:28:00,11,23,0.478,1,3,0.333,7,7,1,1,3,4,8,3,0,4,3,30,23.3
Kobe,3,1,45:15:00,12,20,0.6,1,2,0.5,11,18,0.611,3,4,7,1,2,0,3,4,36,25.4
Kobe,4,1,43:21:00,6,19,0.316,0,2,0,5,6,0.833,0,4,4,10,4,0,2,4,17,14.3
Kobe,5,1,44:20:00,8,21,0.381,4,9,0.444,5,7,0.714,3,4,7,4,5,0,6,4,25,16.2
Kobe,6,1,42:46:00,7,22,0.318,3,9,0.333,5,5,1,1,2,3,1,1,0,4,1,22,8
Kobe,1,1,39:46:00,9,17,0.529,0,4,0,6,7,0.857,0,4,4,8,2,1,6,2,24,18
Kobe,2,1,38:16:00,8,17,0.471,1,3,0.333,9,10,0.9,0,6,6,9,2,0,3,2,26,23.2
Kobe,3,1,43:08:00,5,24,0.208,1,4,0.25,7,8,0.875,2,5,7,6,2,0,2,4,18,8.3
Kobe,4,1,39:37:00,16,24,0.667,1,2,0.5,5,5,1,0,6,6,1,2,0,3,2,38,28.3
Kobe,5,1,42:30:00,10,21,0.476,3,4,0.75,8,9,0.889,0,2,2,4,4,1,5,2,31,22.2
Kobe,1,1,43:57:00,14,31,0.452,1,7,0.143,3,5,0.6,0,8,8,4,2,0,2,3,32,19.1
Kobe,2,1,40:09:00,16,27,0.593,2,3,0.667,6,7,0.857,2,4,6,3,1,0,2,1,40,30.4
Kobe,3,1,44:15:00,11,28,0.393,4,6,0.667,7,8,0.875,2,4,6,3,2,3,0,2,33,25.4
Kobe,4,1,34:39:00,7,17,0.412,1,4,0.25,0,0,,0,2,2,5,4,0,0,1,15,13.6
Kobe,5,1,30:49:00,10,19,0.526,1,3,0.333,5,6,0.833,0,4,4,3,1,1,4,3,26,16.1
Kobe,6,1,38:26:00,11,27,0.407,1,5,0.2,9,10,0.9,1,1,2,3,1,3,2,2,32,20.5
Kobe,7,1,33:21:00,4,12,0.333,1,4,0.25,5,6,0.833,1,6,7,5,3,2,1,4,14,14.6
Kobe,1,1,43:21:00,13,28,0.464,2,3,0.667,12,13,0.923,3,3,6,4,0,1,1,3,40,29.5
Kobe,2,1,39:42:00,10,20,0.5,2,4,0.5,10,10,1,2,3,5,3,1,1,2,4,32,24.5
Kobe,3,1,41:13:00,12,24,0.5,2,5,0.4,15,17,0.882,1,5,6,5,2,0,1,4,41,33.3
Kobe,4,1,41:12:00,10,26,0.385,2,10,0.2,12,13,0.923,1,6,7,5,1,0,1,3,34,24.2
Kobe,5,1,44:54:00,6,13,0.462,1,6,0.167,9,10,0.9,1,4,5,8,1,0,7,3,22,15.2
Kobe,6,1,41:34:00,12,20,0.6,2,4,0.5,9,9,1,0,6,6,10,0,1,1,1,35,33.9
Kobe,1,1,37:58:00,16,34,0.471,0,1,0,8,8,1,1,7,8,8,2,2,1,1,40,33
Kobe,2,1,48:30:00,10,22,0.455,1,4,0.25,8,10,0.8,0,4,4,8,2,0,7,2,29,17.8
Kobe,3,1,40:16:00,11,25,0.44,4,9,0.444,5,10,0.5,1,2,3,8,0,0,4,5,31,16.8
Kobe,4,1,48:52:00,11,31,0.355,2,6,0.333,8,8,1,1,6,7,8,1,1,3,3,32,20.3
Kobe,5,1,43:18:00,10,23,0.435,2,5,0.4,8,8,1,0,6,6,5,2,4,1,2,30,26.2
Kobe,1,1,41:00:00,6,19,0.316,2,5,0.4,7,12,0.583,1,1,2,3,2,1,2,5,21,9.9
Kobe,2,1,40:55:00,12,28,0.429,2,5,0.4,13,15,0.867,1,4,5,1,2,0,4,4,39,22.4
Kobe,3,1,41:22:00,10,29,0.345,4,11,0.364,0,0,,0,4,4,8,2,0,3,4,24,11.9
Kobe,4,1,32:04:00,5,10,0.5,1,1,1,1,2,0.5,1,2,3,4,0,0,3,3,12,6.5
Kobe,5,1,29:17:00,4,9,0.444,0,2,0,5,7,0.714,0,3,3,7,2,0,4,3,13,10.1
Kobe,6,1,35:57:00,12,25,0.48,3,4,0.75,5,7,0.714,1,6,7,3,0,0,5,4,32,16.5
Kobe,1,1,36:36:00,12,19,0.632,0,2,0,7,7,1,0,3,3,4,0,0,4,3,31,21
Kobe,2,1,42:07:00,10,22,0.455,0,1,0,10,11,0.909,0,5,5,8,1,3,7,3,30,20.2
Kobe,3,1,43:27:00,13,24,0.542,3,7,0.429,6,8,0.75,0,4,4,7,1,0,2,3,35,26.5
Kobe,4,1,42:09:00,11,23,0.478,0,2,0,10,12,0.833,0,3,3,4,1,0,3,3,32,20
Kobe,1,1,35:28:00,13,23,0.565,3,6,0.5,11,12,0.917,0,5,5,5,1,0,2,1,40,32.3
Kobe,2,1,43:02:00,8,19,0.421,1,3,0.333,4,4,1,2,3,5,13,0,1,2,2,21,20.2
Kobe,3,1,42:41:00,13,24,0.542,2,8,0.25,8,8,1,2,7,9,11,1,1,5,3,36,31.1
Kobe,4,1,44:42:00,15,22,0.682,6,9,0.667,2,4,0.5,1,6,7,10,1,1,2,3,38,35.8
Kobe,5,1,42:37:00,12,27,0.444,4,10,0.4,2,3,0.667,3,8,11,9,0,4,2,3,30,25.9
Kobe,6,1,40:58:00,12,25,0.48,3,8,0.375,10,11,0.909,2,4,6,2,2,0,2,1,37,27.5
Kobe,1,1,38:45:00,10,22,0.455,1,2,0.5,9,10,0.9,1,6,7,6,1,1,4,4,30,21
Kobe,2,1,34:18:00,8,20,0.4,2,7,0.286,3,3,1,0,5,5,6,4,0,5,5,21,12.9
Kobe,3,1,43:52:00,10,29,0.345,1,7,0.143,8,8,1,2,5,7,4,2,3,1,2,29,20.7
Kobe,4,1,43:04:00,10,22,0.455,6,11,0.545,7,8,0.875,0,6,6,2,2,0,7,5,33,17.4
Kobe,5,1,43:53:00,13,27,0.481,4,10,0.4,8,9,0.889,2,3,5,4,1,1,4,5,38,24.7
Kobe,6,1,39:37:00,9,19,0.474,1,4,0.25,7,7,1,3,8,11,3,4,0,2,2,26,24.1
Kobe,7,1,44:51:00,6,24,0.25,0,6,0,11,15,0.733,4,11,15,2,1,0,4,4,23,9.9
Kobe,1,1,42:05:00,13,26,0.5,1,2,0.5,7,8,0.875,1,3,4,5,0,1,5,2,34,20.6
Kobe,2,1,34:46:00,3,10,0.3,0,2,0,5,8,0.625,2,1,3,2,1,0,2,4,11,4.5
Kobe,3,1,34:13:00,10,20,0.5,4,7,0.571,6,7,0.857,0,6,6,2,3,1,4,2,30,21.7
Kobe,4,1,36:05:00,5,18,0.278,0,3,0,7,9,0.778,1,5,6,8,1,0,2,4,17,10.8
Kobe,5,1,28:38:00,8,13,0.615,0,1,0,3,4,0.75,1,1,2,4,1,0,3,3,19,13.3
Kobe,6,1,30:17:00,6,16,0.375,2,4,0.5,10,10,1,1,0,1,2,3,0,4,1,24,15.9
Kobe,1,1,35:08:00,14,29,0.483,4,9,0.444,4,5,0.8,0,5,5,0,1,1,3,2,36,20.3
Kobe,2,1,38:01:00,9,20,0.45,1,5,0.2,4,5,0.8,0,0,0,3,5,0,1,1,23,17.9
Kobe,3,1,37:58:00,8,16,0.5,0,3,0,1,1,1,1,3,4,6,1,0,2,3,17,12.6
Kobe,4,1,37:10:00,7,18,0.389,0,5,0,3,4,0.75,1,2,3,1,0,0,5,1,17,3.4
Kobe,1,1,37:14:00,11,24,0.458,0,2,0,9,11,0.818,1,4,5,4,1,0,2,4,31,19.9
Kobe,2,1,39:37:00,15,29,0.517,2,6,0.333,6,7,0.857,2,2,4,2,3,1,1,3,38,28.2
Kobe,3,1,41:06:00,7,23,0.304,3,10,0.3,5,6,0.833,3,3,6,6,0,0,6,4,22,7.9
Kobe,4,1,38:41:00,10,25,0.4,2,7,0.286,0,1,0,2,6,8,6,1,0,5,0,22,11.5
Kobe,5,1,43:12:00,14,32,0.438,5,11,0.455,10,11,0.909,1,5,6,5,2,0,3,2,43,29.7
Kobe,6,1,37:03:00,13,23,0.565,1,4,0.25,4,4,1,0,2,2,4,1,0,3,3,31,20.3
Kobe,7,1,45:08:00,7,16,0.438,2,2,1,1,4,0.25,1,0,1,8,0,1,3,2,17,10.6
Kobe,1,1,31:55:00,7,18,0.389,1,3,0.333,5,7,0.714,0,3,3,2,0,0,3,3,20,7.5
Kobe,2,1,42:46:00,9,25,0.36,0,6,0,2,2,1,1,2,3,4,4,0,2,4,20,10.6
Kobe,3,1,38:58:00,9,25,0.36,0,1,0,18,18,1,2,5,7,6,2,0,2,4,36,27.6
Kobe,4,1,39:46:00,12,28,0.429,0,2,0,14,17,0.824,3,5,8,5,0,0,2,1,38,26.7
Kobe,5,1,40:34:00,18,33,0.545,1,6,0.167,5,7,0.714,0,5,5,0,2,0,2,3,42,25.6
Lebron,1,1,48:00:00,12,27,0.444,1,4,0.25,7,11,0.636,3,8,11,11,0,0,4,3,32,23.3
Lebron,2,1,43:28:00,7,25,0.28,1,6,0.167,11,15,0.733,2,7,9,2,2,3,10,5,26,6.7
Lebron,3,1,47:37:00,16,28,0.571,3,5,0.6,6,9,0.667,1,4,5,3,2,0,4,3,41,27.4
Lebron,4,1,45:20:00,13,23,0.565,7,12,0.583,5,7,0.714,1,5,6,5,0,0,7,5,38,23
Lebron,5,1,46:07:00,14,23,0.609,0,1,0,17,18,0.944,5,2,7,6,2,0,4,5,45,38.4
Lebron,6,1,53:00:00,15,25,0.6,1,6,0.167,1,3,0.333,0,7,7,7,2,1,5,4,32,22.8
Lebron,1,1,36:00:00,9,18,0.5,2,5,0.4,2,2,1,1,3,4,4,0,0,4,3,22,12.2
Lebron,2,1,47:32:00,11,23,0.478,2,5,0.4,6,8,0.75,2,12,14,7,0,0,3,4,30,22.8
Lebron,3,1,48:00:00,9,18,0.5,1,4,0.25,2,2,1,0,10,10,10,4,1,4,2,21,21.9
Lebron,4,1,48:00:00,8,23,0.348,1,2,0.5,5,10,0.5,1,7,8,9,2,2,8,3,22,10.4
Lebron,5,1,46:50:00,13,30,0.433,1,4,0.25,5,7,0.714,3,2,5,5,2,1,2,3,32,21.1
Lebron,6,1,47:50:00,8,20,0.4,1,5,0.2,15,18,0.833,0,11,11,5,1,1,7,2,32,20.7
Lebron,7,1,46:45:00,11,24,0.458,0,4,0,5,8,0.625,3,5,8,2,1,0,3,2,27,15.6
Lebron,1,1,44:19:00,7,14,0.5,0,2,0,9,11,0.818,2,7,9,7,2,0,1,1,23,24.2
Lebron,2,1,45:00:00,8,22,0.364,0,3,0,11,13,0.846,4,4,8,7,1,2,2,2,27,22.5
Lebron,3,1,46:02:00,11,22,0.5,3,5,0.6,5,7,0.714,0,6,6,9,1,0,2,3,30,24.1
Lebron,4,1,46:11:00,8,22,0.364,1,5,0.2,14,17,0.824,3,8,11,7,3,1,2,3,31,27.5
Lebron,1,1,46:01:00,8,21,0.381,1,4,0.25,4,6,0.667,2,9,11,7,1,1,3,2,21,15.6
Lebron,2,1,45:49:00,12,24,0.5,3,7,0.429,9,13,0.692,0,1,1,12,3,0,2,2,36,31.3
Lebron,3,1,44:08:00,5,16,0.313,1,5,0.2,7,7,1,0,6,6,12,0,0,2,2,18,16.2
Lebron,4,1,46:20:00,9,16,0.563,2,3,0.667,10,15,0.667,0,9,9,7,0,0,3,1,30,24.6
Lebron,5,1,42:47:00,5,14,0.357,0,2,0,10,11,0.909,3,6,9,5,2,1,5,4,20,15.3
Lebron,6,1,38:53:00,8,20,0.4,1,5,0.2,6,9,0.667,1,7,8,8,1,0,2,4,23,16.8
Lebron,1,1,45:22:00,5,15,0.333,0,0,,0,0,,1,9,10,9,4,1,2,1,10,13.5
Lebron,2,1,44:41:00,7,19,0.368,0,1,0,5,7,0.714,0,6,6,7,3,0,6,1,19,11
Lebron,3,1,46:07:00,12,21,0.571,2,3,0.667,6,9,0.667,1,8,9,9,2,0,3,2,32,28.5
Lebron,4,1,44:17:00,8,19,0.421,1,5,0.2,8,9,0.889,0,7,7,11,3,0,3,0,25,24.3
Lebron,5,1,50:18:00,18,33,0.545,2,3,0.667,10,14,0.714,3,6,9,7,2,0,2,3,48,38.1
Lebron,6,1,46:12:00,3,11,0.273,0,2,0,14,19,0.737,2,12,14,8,2,2,3,1,20,22.1
Lebron,1,1,44:00:00,4,16,0.25,2,6,0.333,4,4,1,1,6,7,4,1,1,6,1,14,5
Lebron,2,1,38:00:00,9,21,0.429,0,2,0,7,11,0.636,3,4,7,6,1,0,6,3,25,13.6
Lebron,3,1,41:59:00,9,23,0.391,0,5,0,7,8,0.875,0,8,8,7,2,1,5,3,25,15.9
Lebron,4,1,46:29:00,10,30,0.333,2,7,0.286,2,6,0.333,0,6,6,10,0,0,6,1,24,7.8
Lebron,1,1,41:25:00,12,19,0.632,0,2,0,8,14,0.571,0,6,6,4,1,2,1,1,32,26.7
Lebron,2,1,39:00:00,9,19,0.474,2,6,0.333,10,17,0.588,1,8,9,12,1,2,1,2,30,29.6
Lebron,3,1,35:57:00,10,19,0.526,0,4,0,2,4,0.5,0,7,7,3,1,1,4,3,22,12.6
Lebron,4,1,44:23:00,11,25,0.44,3,8,0.375,9,14,0.643,2,10,12,7,2,0,5,5,34,23.2
Lebron,5,1,44:05:00,8,21,0.381,3,9,0.333,15,18,0.833,2,8,10,7,1,2,5,0,34,27.4
Lebron,6,1,44:12:00,8,17,0.471,1,2,0.5,10,10,1,2,11,13,13,2,1,1,2,27,33
Lebron,1,1,38:49:00,2,18,0.111,0,6,0,8,10,0.8,2,7,9,9,1,1,10,4,12,-0.7
Lebron,2,1,41:38:00,6,24,0.25,0,4,0,9,13,0.692,2,3,5,6,2,1,7,1,21,6.8
Lebron,3,1,40:15:00,5,16,0.313,3,5,0.6,8,12,0.667,0,5,5,8,4,3,2,3,21,20.2
Lebron,4,1,44:00:00,7,20,0.35,2,5,0.4,5,8,0.625,1,5,6,13,3,2,4,3,21,19.1
Lebron,5,1,44:43:00,12,25,0.48,0,5,0,11,13,0.846,0,3,3,5,1,1,4,3,35,22.4
Lebron,6,1,46:39:00,9,23,0.391,1,3,0.333,13,15,0.867,3,9,12,6,2,1,8,2,32,21.6
Lebron,7,1,46:48:00,14,29,0.483,3,11,0.273,14,19,0.737,1,4,5,6,2,0,2,4,45,32.8
Lebron,1,1,40:52:00,13,20,0.65,1,4,0.25,11,14,0.786,0,8,8,7,1,0,0,1,38,35.9
Lebron,2,1,37:55:00,7,14,0.5,2,5,0.4,13,17,0.765,1,12,13,6,0,0,2,1,29,26.5
Lebron,3,1,42:44:00,9,19,0.474,0,5,0,7,11,0.636,2,9,11,9,3,2,2,0,25,26.5
Lebron,4,1,40:39:00,10,24,0.417,0,3,0,16,17,0.941,1,12,13,8,2,1,2,3,36,32.2
Lebron,1,1,34:19:00,12,20,0.6,2,6,0.333,8,9,0.889,3,7,10,3,4,0,3,0,34,31.7
Lebron,2,1,31:10:00,9,14,0.643,3,5,0.6,6,12,0.5,0,3,3,5,4,1,0,1,27,27.1
Lebron,3,1,43:14:00,15,25,0.6,5,10,0.5,12,16,0.75,2,10,12,8,1,1,1,2,47,43.8
Lebron,4,1,43:25:00,9,22,0.409,3,6,0.5,6,9,0.667,0,8,8,8,1,0,3,3,27,18.8
Lebron,1,1,41:14:00,20,30,0.667,3,6,0.5,6,10,0.6,3,3,6,8,2,3,2,1,49,44.7
Lebron,2,1,42:32:00,12,23,0.522,1,3,0.333,10,12,0.833,2,2,4,5,1,0,6,3,35,22.2
Lebron,3,1,41:57:00,11,28,0.393,1,8,0.125,18,24,0.75,0,7,7,9,2,1,2,3,41,31.3
Lebron,4,1,49:24:00,13,29,0.448,4,10,0.4,14,18,0.778,1,11,12,7,1,1,8,5,44,27.9
Lebron,5,1,45:30:00,11,24,0.458,0,2,0,15,19,0.789,3,11,14,12,1,1,4,3,37,33.3
Lebron,6,1,44:53:00,8,20,0.4,2,8,0.25,7,11,0.636,1,6,7,7,0,1,3,4,25,16.1
Lebron,1,1,40:14:00,9,19,0.474,0,1,0,6,7,0.857,0,6,6,5,1,4,3,2,24,19.2
Lebron,2,1,41:05:00,16,23,0.696,2,4,0.5,6,6,1,1,7,8,8,1,2,2,2,40,38.3
Lebron,3,1,44:16:00,14,26,0.538,4,8,0.5,7,13,0.538,2,8,10,8,2,3,5,3,39,31.3
Lebron,4,1,36:24:00,11,17,0.647,6,9,0.667,9,10,0.9,0,12,12,11,2,1,2,3,37,39.9
Lebron,5,1,43:13:00,5,12,0.417,1,2,0.5,8,14,0.571,3,7,10,9,0,2,3,1,19,18.7
Lebron,1,1,43:12:00,12,24,0.5,3,6,0.5,8,11,0.727,2,5,7,7,3,2,2,1,35,31.6
Lebron,2,1,41:09:00,7,15,0.467,0,4,0,10,15,0.667,0,7,7,4,3,2,5,1,24,18.2
Lebron,3,1,39:16:00,14,22,0.636,2,3,0.667,8,9,0.889,2,6,8,7,1,2,1,1,38,36.9
Lebron,4,1,43:14:00,7,18,0.389,0,5,0,8,11,0.727,1,8,9,8,2,1,7,4,22,13.8
Lebron,5,1,41:40:00,3,14,0.214,0,4,0,9,12,0.75,1,5,6,7,1,0,3,3,15,9.1
Lebron,6,1,46:12:00,8,21,0.381,2,4,0.5,9,12,0.75,3,16,19,10,3,1,9,2,27,22.1
Lebron,1,1,42:43:00,4,14,0.286,0,2,0,13,14,0.929,4,10,14,5,1,3,2,3,21,21.6
Lebron,2,1,38:55:00,10,19,0.526,1,1,1,8,10,0.8,1,6,7,6,0,0,0,1,29,25.2
Lebron,3,1,44:16:00,8,15,0.533,1,4,0.25,7,10,0.7,1,14,15,6,1,0,1,1,24,24.2
Lebron,4,1,43:33:00,11,20,0.55,0,4,0,9,11,0.818,2,5,7,6,1,1,1,2,31,27.6
Lebron,5,1,41:40:00,5,13,0.385,2,5,0.4,4,5,0.8,3,7,10,8,1,0,3,2,16,15.5
Lebron,1,1,39:54:00,8,19,0.421,1,3,0.333,5,9,0.556,1,5,6,5,2,2,3,2,22,15.6
Lebron,2,1,44:03:00,14,25,0.56,2,4,0.5,5,8,0.625,2,5,7,2,1,1,0,3,35,26.7
Lebron,3,1,42:48:00,6,16,0.375,0,3,0,3,7,0.429,2,5,7,4,2,5,4,3,15,10.6
Lebron,4,1,50:17:00,12,28,0.429,2,6,0.333,9,9,1,3,11,14,3,3,0,5,3,35,24.5
Lebron,5,1,45:43:00,11,20,0.55,5,7,0.714,6,9,0.667,2,5,7,4,1,1,5,1,33,24.2
Lebron,1,1,41:12:00,5,15,0.333,1,3,0.333,4,4,1,1,5,6,6,2,3,4,2,15,12.2
Lebron,2,1,45:39:00,12,21,0.571,2,6,0.333,3,7,0.429,3,7,10,5,3,0,5,3,29,22
Lebron,3,1,43:55:00,6,13,0.462,1,2,0.5,9,9,1,1,5,6,10,2,2,0,4,22,26.3
Lebron,4,1,49:23:00,11,26,0.423,0,1,0,13,13,1,2,4,6,6,2,2,5,4,35,24.8
Lebron,5,1,45:46:00,8,19,0.421,3,6,0.5,9,11,0.818,0,11,11,6,3,2,4,2,28,24.2
Lebron,1,1,45:15:00,9,16,0.563,4,5,0.8,2,2,1,0,9,9,5,1,0,1,4,24,21
Lebron,2,1,39:37:00,8,15,0.533,2,7,0.286,2,4,0.5,1,7,8,4,4,1,5,4,20,15.6
Lebron,3,1,45:15:00,6,14,0.429,1,4,0.25,4,4,1,0,3,3,9,2,0,4,3,17,13.6
Lebron,4,1,45:43:00,3,11,0.273,0,3,0,2,4,0.5,3,6,9,7,2,0,4,4,8,5.9
Lebron,5,1,45:38:00,8,19,0.421,0,4,0,1,2,0.5,1,9,10,10,0,1,4,3,17,12.4
Lebron,6,1,40:21:00,9,15,0.6,2,5,0.4,1,4,0.25,1,3,4,6,1,1,6,2,21,13.6
Lebron,1,1,31:41:00,10,14,0.714,1,1,1,11,14,0.786,1,3,4,3,4,0,2,2,32,29.9
Lebron,2,1,40:35:00,8,18,0.444,0,3,0,3,7,0.429,1,6,7,9,2,0,2,1,19,16.4
Lebron,3,1,35:50:00,9,21,0.429,2,5,0.4,12,13,0.923,2,6,8,5,2,0,8,5,32,19.2
Lebron,4,1,41:27:00,9,21,0.429,2,5,0.4,7,8,0.875,0,4,4,4,1,0,5,4,27,13.9
Lebron,5,1,39:38:00,7,16,0.438,2,6,0.333,13,15,0.867,1,7,8,7,2,1,4,2,29,25.4
Lebron,1,1,43:15:00,12,26,0.462,0,3,0,8,10,0.8,6,9,15,5,2,1,1,1,32,29.5
Lebron,2,1,42:49:00,10,22,0.455,0,4,0,8,13,0.615,4,5,9,5,6,0,2,0,28,26.4
Lebron,3,1,40:06:00,10,22,0.455,1,4,0.25,1,3,0.333,1,6,7,3,2,0,4,1,22,12
Lebron,4,1,43:54:00,14,27,0.519,0,0,,12,16,0.75,6,12,18,9,2,2,5,1,40,37.2
Lebron,5,1,38:09:00,12,19,0.632,2,4,0.5,4,4,1,3,7,10,8,1,1,4,1,30,28.6
Lebron,6,1,44:46:00,12,23,0.522,0,3,0,4,5,0.8,1,5,6,7,3,0,1,1,28,25
Lebron,1,1,43:53:00,13,22,0.591,0,3,0,6,9,0.667,1,12,13,3,1,3,3,2,32,26.3
Lebron,2,1,47:39:00,7,20,0.35,2,6,0.333,18,24,0.75,4,6,10,7,1,1,1,2,34,29.8
Lebron,3,1,43:18:00,16,26,0.615,1,4,0.25,1,5,0.2,0,8,8,5,2,2,3,4,34,25.3
Lebron,4,1,48:06:00,12,25,0.48,1,3,0.333,4,8,0.5,1,5,6,3,1,1,7,6,29,11.3
Lebron,5,1,45:20:00,11,25,0.44,2,6,0.333,6,8,0.75,3,10,13,2,2,1,3,1,30,21.9
Lebron,6,1,44:49:00,19,26,0.731,2,4,0.5,5,9,0.556,2,13,15,5,0,0,4,3,45,36.4
Lebron,7,1,47:32:00,9,21,0.429,1,5,0.2,12,17,0.706,2,10,12,2,1,1,3,0,31,22.4
Lebron,1,1,45:50:00,11,24,0.458,1,3,0.333,7,9,0.778,1,8,9,4,4,0,4,1,30,22.3
Lebron,2,1,42:19:00,10,22,0.455,0,2,0,12,12,1,2,6,8,5,1,0,2,4,32,24.7
Lebron,3,1,43:50:00,11,23,0.478,1,4,0.25,6,8,0.75,5,9,14,3,0,0,4,1,29,20.4
Lebron,4,1,44:21:00,10,20,0.5,1,4,0.25,5,8,0.625,3,6,9,12,2,0,3,2,26,25.3
Lebron,5,1,44:09:00,9,19,0.474,0,3,0,8,9,0.889,4,7,11,13,1,2,6,2,26,25.5
Lebron,1,1,34:31:00,9,11,0.818,1,2,0.5,8,11,0.727,2,8,10,8,0,0,5,2,27,25.3
Lebron,2,1,38:39:00,6,14,0.429,0,3,0,7,8,0.875,1,7,8,6,1,0,4,2,19,14.4
Lebron,3,1,32:48:00,9,14,0.643,2,4,0.5,2,4,0.5,0,5,5,6,0,0,5,2,22,14.9
Lebron,4,1,41:06:00,13,20,0.65,0,2,0,4,7,0.571,2,6,8,7,3,1,5,3,30,25.6
Lebron,1,1,43:44:00,8,17,0.471,1,3,0.333,7,9,0.778,2,6,8,7,2,1,2,2,24,22.5
Lebron,2,1,32:29:00,7,12,0.583,1,3,0.333,4,8,0.5,0,5,5,9,3,0,3,1,19,19.2
Lebron,3,1,44:25:00,6,17,0.353,2,4,0.5,11,11,1,0,8,8,7,2,0,1,0,25,23.8
Lebron,4,1,43:12:00,9,20,0.45,1,4,0.25,8,9,0.889,0,7,7,8,2,0,5,0,27,20.9
Lebron,5,1,44:26:00,5,14,0.357,1,3,0.333,12,15,0.8,0,7,7,8,2,0,2,3,23,20.5
Lebron,1,1,46:33:00,12,24,0.5,2,6,0.333,4,7,0.571,3,7,10,10,0,3,4,5,30,24.1
Lebron,2,1,45:17:00,14,20,0.7,3,7,0.429,5,7,0.714,4,4,8,3,3,1,5,3,36,30.4
Lebron,3,1,41:13:00,8,17,0.471,0,1,0,6,6,1,0,4,4,3,0,0,0,0,22,16.6
Lebron,4,1,43:19:00,8,18,0.444,4,7,0.571,4,6,0.667,4,2,6,5,1,3,2,6,24,19.4
Lebron,5,1,44:29:00,13,26,0.5,3,7,0.429,1,4,0.25,0,8,8,6,2,1,3,1,30,21.7
Lebron,6,1,42:17:00,10,21,0.476,2,4,0.5,7,8,0.875,0,7,7,6,2,1,4,2,29,22.1
Lebron,7,1,40:49:00,8,17,0.471,1,2,0.5,15,16,0.938,2,6,8,4,2,1,2,1,32,29.2
Lebron,1,1,41:35:00,7,16,0.438,1,5,0.2,3,4,0.75,2,16,18,10,0,0,2,0,18,20.4
Lebron,2,1,40:33:00,7,17,0.412,1,3,0.333,2,2,1,1,7,8,7,3,3,2,2,17,17.9
Lebron,3,1,39:07:00,7,21,0.333,1,5,0.2,0,0,,1,10,11,5,2,0,2,0,15,10.3
Lebron,4,1,41:23:00,15,25,0.6,1,2,0.5,2,4,0.5,3,8,11,4,2,2,1,2,33,29.6
Lebron,5,1,43:41:00,8,22,0.364,2,4,0.5,7,9,0.778,3,3,6,8,4,0,3,1,25,21.2
Lebron,6,1,49:46:00,11,26,0.423,1,5,0.2,9,12,0.75,4,6,10,11,3,1,6,3,32,25.8
Lebron,7,1,45:00:00,12,23,0.522,5,10,0.5,8,8,1,3,9,12,4,2,0,2,2,37,32.5
Lebron,1,1,38:32:00,8,16,0.5,4,8,0.5,7,10,0.7,0,9,9,1,0,0,3,1,27,17.8
Lebron,2,1,39:50:00,11,17,0.647,1,5,0.2,9,12,0.75,0,6,6,8,4,0,4,2,32,29.9
Lebron,3,1,35:59:00,10,18,0.556,1,2,0.5,9,10,0.9,0,10,10,6,2,0,2,1,30,27.8
Lebron,4,1,42:54:00,10,19,0.526,1,5,0.2,10,12,0.833,0,7,7,9,3,1,2,3,31,29.8
Lebron,1,1,36:21:00,10,15,0.667,0,0,,2,2,1,1,4,5,3,0,0,1,2,22,17.7
Lebron,2,1,39:07:00,9,18,0.5,0,3,0,4,6,0.667,0,4,4,3,2,1,2,2,22,15.4
Lebron,3,1,39:39:00,8,15,0.533,3,7,0.429,9,10,0.9,0,8,8,5,1,1,2,2,28,25.1
Lebron,4,1,43:28:00,16,24,0.667,3,6,0.5,14,19,0.737,0,6,6,2,3,0,1,5,49,39.8
Lebron,5,1,43:36:00,6,14,0.429,2,5,0.4,15,17,0.882,2,7,9,5,0,1,5,1,29,23.1
Lebron,1,1,40:50:00,11,18,0.611,1,5,0.2,2,2,1,1,9,10,5,3,0,4,3,25,21.5
Lebron,2,1,42:21:00,9,18,0.5,1,5,0.2,3,6,0.5,0,7,7,6,2,3,3,3,22,18
Lebron,3,1,39:46:00,9,14,0.643,1,2,0.5,7,9,0.778,1,4,5,7,3,0,6,2,26,22
Lebron,4,1,35:48:00,13,21,0.619,2,3,0.667,4,4,1,0,10,10,5,2,0,2,3,32,27.8
Lebron,5,1,24:21:00,2,10,0.2,1,3,0.333,2,3,0.667,1,1,2,4,0,1,3,5,7,-0.1
Lebron,6,1,31:39:00,8,12,0.667,0,0,,9,9,1,1,3,4,6,1,1,2,1,25,24.9
Lebron,1,1,32:53:00,9,17,0.529,2,3,0.667,5,6,0.833,3,3,6,3,3,0,4,1,25,20
Lebron,2,1,37:36:00,14,22,0.636,3,3,1,4,5,0.8,2,8,10,3,2,0,4,3,35,27.5
Lebron,3,1,39:49:00,9,14,0.643,2,4,0.5,2,3,0.667,1,4,5,7,5,0,7,5,22,18.2
Lebron,4,1,37:39:00,10,17,0.588,4,8,0.5,4,6,0.667,0,8,8,2,0,0,3,0,28,20.1
Lebron,5,1,41:16:00,10,21,0.476,3,9,0.333,8,9,0.889,1,9,10,5,0,2,1,1,31,26.8
Lebron,1,1,41:55:00,8,18,0.444,1,3,0.333,3,4,0.75,0,6,6,7,2,1,5,2,20,13.8
Lebron,2,1,41:48:00,11,22,0.5,1,5,0.2,7,8,0.875,1,8,9,7,0,2,6,3,30,20.8
Lebron,3,1,41:58:00,13,26,0.5,1,5,0.2,4,5,0.8,1,10,11,4,4,2,2,1,31,27.1
Lebron,4,1,46:22:00,10,24,0.417,1,7,0.143,6,10,0.6,0,10,10,8,3,1,6,2,27,18.1
Lebron,1,1,41:56:00,9,22,0.409,0,3,0,1,2,0.5,4,11,15,9,3,1,6,4,19,15.3
Lebron,2,1,34:13:00,13,29,0.448,0,2,0,7,9,0.778,3,5,8,5,2,1,2,2,33,24.1
Lebron,3,1,43:39:00,8,25,0.32,1,7,0.143,10,11,0.909,2,6,8,14,1,1,7,4,27,18.4
Lebron,4,1,43:09:00,10,30,0.333,1,7,0.143,4,4,1,2,12,14,8,1,2,8,4,25,11.4
Lebron,5,1,40:56:00,14,24,0.583,1,5,0.2,9,12,0.75,2,10,12,6,3,3,0,3,38,38.1
Lebron,6,1,41:03:00,7,23,0.304,0,4,0,1,2,0.5,1,8,9,11,0,2,4,4,15,7.9
Lebron,1,1,38:02:00,12,26,0.462,0,1,0,7,8,0.875,1,7,8,6,1,0,4,3,31,20
Lebron,2,1,38:58:00,10,22,0.455,2,7,0.286,8,11,0.727,1,8,9,11,0,1,4,1,30,24.5
Lebron,3,1,46:47:00,14,37,0.378,1,6,0.167,8,10,0.8,8,10,18,13,3,0,6,4,37,29
Lebron,4,1,29:10:00,10,20,0.5,2,6,0.333,1,4,0.25,0,9,9,7,2,1,1,2,23,20.3
Lebron,1,1,45:46:00,18,38,0.474,2,8,0.25,6,10,0.6,0,8,8,6,0,0,4,2,44,24.8
Lebron,2,1,50:20:00,11,35,0.314,3,6,0.5,14,18,0.778,4,12,16,11,1,1,3,3,39,28.9
Lebron,3,1,46:00:00,14,34,0.412,2,6,0.333,10,12,0.833,1,11,12,8,4,2,4,1,40,31.6
Lebron,4,1,40:55:00,7,22,0.318,1,4,0.25,5,10,0.5,2,10,12,8,0,0,2,5,20,11.4
Lebron,5,1,44:46:00,15,34,0.441,3,8,0.375,7,9,0.778,1,13,14,11,1,0,2,5,40,30.7
Lebron,6,1,46:42:00,13,33,0.394,2,10,0.2,4,8,0.5,3,15,18,9,2,0,6,3,32,20.2
Lebron,1,1,40:51:00,9,17,0.529,0,3,0,4,4,1,1,5,6,11,2,2,1,3,22,24.8
Lebron,2,1,39:44:00,12,18,0.667,2,4,0.5,1,3,0.333,1,5,6,3,3,0,5,3,27,19.5
Lebron,3,1,42:55:00,8,24,0.333,1,6,0.167,3,5,0.6,1,12,13,7,0,1,5,2,20,9.7
Lebron,4,1,41:27:00,9,19,0.474,1,6,0.167,3,3,1,2,9,11,6,2,0,2,4,22,19
Lebron,1,1,40:34:00,11,21,0.524,2,4,0.5,1,1,1,0,7,7,9,5,1,4,3,25,23.6
Lebron,2,1,28:08:00,9,15,0.6,4,6,0.667,5,9,0.556,0,4,4,5,3,0,2,4,27,22.6
Lebron,3,1,38:58:00,8,16,0.5,1,4,0.25,7,9,0.778,2,11,13,8,2,0,5,2,24,21.7
Lebron,4,1,37:52:00,10,23,0.435,1,5,0.2,0,3,0,5,5,10,9,2,1,6,2,21,14.9
Lebron,1,1,28:18:00,11,13,0.846,0,1,0,2,4,0.5,2,4,6,4,2,1,4,3,24,21.4
Lebron,2,1,33:45:00,7,13,0.538,0,2,0,9,17,0.529,1,10,11,11,3,0,2,2,23,25.1
Lebron,3,1,38:50:00,9,17,0.529,1,5,0.2,5,7,0.714,4,4,8,5,2,0,2,3,24,21.2
Lebron,4,1,45:48:00,11,16,0.688,1,3,0.333,6,6,1,4,5,9,6,2,1,1,3,29,31.2
Lebron,5,1,31:30:00,10,17,0.588,2,4,0.5,1,3,0.333,0,6,6,8,2,1,2,2,23,21.6
Lebron,6,1,41:15:00,13,22,0.591,3,6,0.5,4,7,0.571,2,9,11,6,1,3,3,2,33,29.2
Lebron,1,1,40:53:00,9,21,0.429,2,4,0.5,3,4,0.75,4,8,12,9,2,1,4,2,23,20.9
Lebron,2,1,33:38:00,7,17,0.412,1,5,0.2,4,4,1,0,8,8,9,4,1,7,3,19,15.1
Lebron,3,1,40:04:00,14,26,0.538,1,2,0.5,3,5,0.6,2,9,11,6,1,2,5,2,32,23.5
Lebron,4,1,45:34:00,11,21,0.524,1,5,0.2,2,4,0.5,4,9,13,9,2,3,7,4,25,21.2
Lebron,5,1,42:38:00,16,30,0.533,4,8,0.5,5,8,0.625,4,12,16,7,3,3,2,1,41,39.2
Lebron,6,1,42:35:00,16,27,0.593,3,6,0.5,6,8,0.75,2,6,8,11,4,3,1,3,41,42.5
Lebron,7,1,46:49:00,9,24,0.375,1,5,0.2,8,10,0.8,1,10,11,11,2,3,5,1,27,23.1
Lebron,1,1,42:44:00,12,20,0.6,2,3,0.667,6,9,0.667,1,5,6,13,3,0,3,3,32,31.7
Lebron,2,1,42:16:00,11,20,0.55,0,2,0,3,6,0.5,0,10,10,7,4,4,8,2,25,20.1
Lebron,3,1,45:13:00,14,27,0.519,6,12,0.5,7,14,0.5,1,12,13,12,1,2,3,4,41,35.4
Lebron,4,1,44:44:00,13,25,0.52,1,3,0.333,6,9,0.667,0,10,10,4,4,2,4,1,33,26.3
Lebron,1,1,41:02:00,13,23,0.565,2,5,0.4,7,8,0.875,2,8,10,4,1,1,3,2,35,28.2
Lebron,2,1,36:36:00,10,14,0.714,4,6,0.667,15,21,0.714,1,5,6,4,3,2,3,3,39,36
Lebron,3,1,40:38:00,9,16,0.563,2,4,0.5,15,16,0.938,0,8,8,7,1,0,5,1,35,29.9
Lebron,4,1,46:11:00,11,22,0.5,5,12,0.417,8,9,0.889,1,8,9,6,0,1,6,1,35,25.2
Lebron,1,1,41:58:00,14,24,0.583,1,6,0.167,9,11,0.818,2,7,9,7,2,0,2,2,38,33.6
Lebron,2,1,32:48:00,12,18,0.667,4,6,0.667,2,4,0.5,0,4,4,7,4,3,1,1,30,32.2
Lebron,3,1,45:03:00,4,13,0.308,0,4,0,3,6,0.5,1,5,6,6,1,1,6,2,11,3.6
Lebron,4,1,38:16:00,15,27,0.556,1,6,0.167,3,4,0.75,0,5,5,6,1,1,5,4,34,21.5
Lebron,5,1,34:44:00,13,18,0.722,4,7,0.571,5,8,0.625,1,7,8,8,3,1,2,4,35,34.9
Lebron,1,1,40:02:00,9,20,0.45,2,6,0.333,8,12,0.667,3,12,15,8,0,2,8,4,28,19.1
Lebron,2,1,39:22:00,12,18,0.667,1,3,0.333,4,5,0.8,0,11,11,14,3,1,4,2,29,32.8
Lebron,3,1,45:37:00,15,27,0.556,4,9,0.444,5,6,0.833,3,8,11,9,1,1,5,2,39,32.4
Lebron,4,1,40:46:00,11,22,0.5,3,8,0.375,6,10,0.6,1,9,10,11,1,0,2,2,31,27.7
Lebron,5,1,46:13:00,19,30,0.633,2,5,0.4,1,4,0.25,2,11,13,8,2,1,2,3,41,36.2
Lebron,1,1,43:56:00,7,17,0.412,0,4,0,10,14,0.714,3,7,10,12,1,1,3,2,24,23.8
Lebron,2,1,39:53:00,17,24,0.708,2,5,0.4,10,13,0.769,1,11,12,5,2,0,3,1,46,40.9
Lebron,3,1,41:41:00,10,22,0.455,4,7,0.571,4,6,0.667,3,9,12,8,1,1,6,1,28,21.5
Lebron,4,1,46:09:00,12,22,0.545,0,5,0,8,9,0.889,2,11,13,7,0,2,1,3,32,29.8
Lebron,5,1,41:49:00,14,24,0.583,1,4,0.25,15,15,1,3,7,10,8,1,1,5,3,44,38.1
Lebron,6,1,31:11:00,7,16,0.438,3,6,0.5,5,5,1,0,5,5,7,1,2,4,3,22,17.2
Lebron,7,1,43:25:00,16,25,0.64,2,3,0.667,11,15,0.733,2,6,8,7,4,0,4,4,45,38.8
Lebron,1,1,46:56:00,12,30,0.4,1,8,0.125,1,6,0.167,0,11,11,13,1,2,1,2,26,20.8
Lebron,2,1,40:30:00,19,28,0.679,1,3,0.333,4,8,0.5,1,7,8,14,1,0,1,1,43,41.6
Lebron,3,1,41:16:00,14,26,0.538,1,4,0.25,9,11,0.818,1,5,6,7,3,1,4,1,38,31
Lebron,4,1,38:24:00,12,19,0.632,0,3,0,5,8,0.625,0,8,8,11,2,1,2,2,29,29.3
Lebron,1,1,36:07:00,5,16,0.313,0,5,0,5,6,0.833,0,7,7,9,0,2,7,1,15,7.8
Lebron,2,1,38:46:00,16,29,0.552,5,11,0.455,5,10,0.5,1,9,10,12,0,1,6,3,42,31.4
Lebron,3,1,37:30:00,8,12,0.667,3,3,1,8,10,0.8,1,4,5,12,2,2,3,3,27,30.5
Lebron,4,1,41:53:00,17,28,0.607,1,4,0.25,9,13,0.692,1,4,5,3,2,0,7,3,44,27.4
Lebron,5,1,39:16:00,11,22,0.5,1,6,0.167,3,4,0.75,0,10,10,5,1,0,6,2,26,15.3
Lebron,6,1,46:06:00,17,33,0.515,5,7,0.714,7,11,0.636,3,8,11,9,3,1,3,2,46,38.8
Lebron,7,1,48:00:00,12,24,0.5,3,8,0.375,8,11,0.727,0,15,15,9,0,2,8,4,35,24.4
Lebron,1,1,47:32:00,19,32,0.594,3,7,0.429,10,11,0.909,4,4,8,8,1,1,5,2,51,41.3
Lebron,2,1,43:51:00,10,20,0.5,2,4,0.5,7,9,0.778,1,8,9,13,2,0,5,2,29,26.6
Lebron,3,1,46:52:00,13,28,0.464,1,6,0.167,6,7,0.857,3,7,10,11,2,2,4,2,33,28.7
Lebron,4,1,40:34:00,7,13,0.538,0,1,0,9,11,0.818,1,6,7,8,0,1,6,5,23,16.7
MJ,1,1,44:00:00,7,19,0.368,0,1,0,9,10,0.9,1,3,4,10,3,0,1,3,23,21.5
MJ,2,1,43:00:00,9,17,0.529,1,4,0.25,11,12,0.917,1,3,4,12,2,0,7,5,30,24.3
MJ,3,1,42:00:00,12,26,0.462,0,1,0,11,16,0.688,3,5,8,7,4,1,3,4,35,28.2
MJ,4,1,42:00:00,6,16,0.375,0,2,0,17,20,0.85,2,5,7,5,2,3,4,3,29,24.3
MJ,1,1,43:00:00,18,36,0.5,0,0,,13,15,0.867,0,4,4,2,2,1,5,3,49,29.3
MJ,2,1,53:00:00,22,41,0.537,0,0,,19,21,0.905,1,4,5,6,3,2,4,4,63,47.2
MJ,3,1,39:00:00,8,18,0.444,1,1,1,2,3,0.667,4,6,10,9,2,1,5,6,19,15.4
MJ,1,1,44:00:00,12,25,0.48,0,1,0,11,11,1,0,6,6,7,4,2,2,4,35,30.8
MJ,2,1,45:00:00,14,29,0.483,2,3,0.667,12,14,0.857,1,3,4,4,0,4,4,3,42,28.5
MJ,3,1,39:00:00,9,30,0.3,0,1,0,12,14,0.857,6,5,11,7,2,1,2,4,30,21.5
MJ,1,1,44:00:00,19,35,0.543,0,0,,12,12,1,1,6,7,2,2,2,5,3,50,34.2
MJ,2,1,44:00:00,24,45,0.533,0,0,,7,7,1,3,3,6,3,4,1,1,4,55,40.3
MJ,3,1,44:00:00,12,25,0.48,0,0,,14,15,0.933,2,3,5,9,2,1,4,5,38,30.2
MJ,4,1,42:00:00,18,25,0.72,0,0,,8,9,0.889,2,3,5,4,4,2,4,6,44,37.4
MJ,5,1,43:00:00,12,22,0.545,0,0,,15,18,0.833,1,3,4,6,2,2,7,4,39,27.8
MJ,1,1,40:00:00,10,22,0.455,0,1,0,9,10,0.9,5,6,11,6,0,1,5,4,29,20.8
MJ,2,1,44:00:00,14,22,0.636,0,0,,8,10,0.8,4,7,11,1,1,1,2,5,36,28.7
MJ,3,1,38:00:00,8,20,0.4,0,0,,8,9,0.889,1,6,7,3,1,1,5,3,24,12.9
MJ,4,1,45:00:00,11,22,0.5,0,0,,1,2,0.5,2,5,7,5,6,0,3,0,23,21
MJ,5,1,43:00:00,10,22,0.455,1,2,0.5,4,7,0.571,2,6,8,8,2,0,3,4,25,18.6
MJ,1,1,40:00:00,12,21,0.571,0,1,0,7,8,0.875,0,5,5,11,4,1,6,5,31,26.6
MJ,2,1,44:00:00,10,22,0.455,0,1,0,10,10,1,3,2,5,10,2,0,7,2,30,22.5
MJ,3,1,39:00:00,18,34,0.529,1,1,1,7,9,0.778,2,5,7,10,5,1,5,4,44,35.6
MJ,4,1,43:00:00,14,28,0.5,0,1,0,22,27,0.815,0,3,3,4,3,0,1,6,50,37.3
MJ,5,1,44:00:00,17,32,0.531,1,1,1,9,13,0.692,3,6,9,6,1,0,2,3,44,32.7
MJ,1,1,46:00:00,11,17,0.647,1,2,0.5,11,11,1,2,8,10,12,2,0,6,5,34,32.7
MJ,2,1,34:00:00,7,17,0.412,0,2,0,1,4,0.25,2,6,8,3,1,0,1,4,15,8.4
MJ,3,1,39:00:00,14,25,0.56,1,2,0.5,11,13,0.846,2,13,15,9,6,1,3,3,40,41.4
MJ,4,1,42:00:00,12,18,0.667,0,1,0,23,28,0.821,0,11,11,6,1,2,6,3,47,39.9
MJ,5,1,43:00:00,13,30,0.433,1,3,0.333,11,15,0.733,5,3,8,10,5,1,3,2,38,33.9
MJ,6,1,45:00:00,14,22,0.636,1,3,0.333,11,12,0.917,1,4,5,10,0,4,6,3,40,34.3
MJ,1,1,45:00:00,10,29,0.345,2,6,0.333,10,13,0.769,2,9,11,4,0,0,3,5,32,16.4
MJ,2,1,38:00:00,9,20,0.45,0,2,0,9,11,0.818,1,3,4,4,2,1,4,5,27,16.9
MJ,3,1,45:00:00,16,26,0.615,0,3,0,14,15,0.933,3,4,7,5,5,0,2,2,46,42.8
MJ,4,1,43:00:00,5,15,0.333,1,3,0.333,12,17,0.706,0,2,2,4,1,0,1,5,23,13.9
MJ,5,1,46:00:00,4,8,0.5,0,1,0,10,11,0.909,0,5,5,9,1,0,4,3,18,17.2
MJ,6,1,42:00:00,13,26,0.5,1,2,0.5,5,12,0.417,0,4,4,13,3,2,8,5,32,20.9
MJ,1,1,44:00:00,15,27,0.556,0,1,0,8,11,0.727,1,7,8,7,2,1,7,4,38,25.7
MJ,2,1,44:00:00,12,21,0.571,0,0,,12,14,0.857,1,8,9,11,5,1,5,5,36,34.8
MJ,3,1,46:00:00,20,35,0.571,1,5,0.2,7,9,0.778,2,7,9,5,1,2,5,4,48,33.5
MJ,4,1,32:00:00,8,19,0.421,0,0,,9,13,0.692,1,5,6,5,2,0,1,3,25,18.8
MJ,1,1,43:00:00,16,30,0.533,2,4,0.5,5,6,0.833,1,4,5,6,5,2,4,3,39,31.3
MJ,2,1,43:00:00,18,36,0.5,1,3,0.333,8,8,1,4,4,8,7,3,0,2,3,45,35.7
MJ,3,1,42:00:00,19,34,0.559,4,11,0.364,7,9,0.778,2,3,5,5,4,1,5,4,49,35.9
MJ,4,1,42:00:00,16,31,0.516,1,2,0.5,12,13,0.923,1,5,6,11,2,2,3,3,45,38.4
MJ,5,1,42:00:00,17,26,0.654,1,3,0.333,2,4,0.5,2,7,9,8,6,1,4,2,37,35.8
MJ,1,1,42:00:00,12,27,0.444,2,6,0.333,8,8,1,1,6,7,5,3,0,1,3,34,26.7
MJ,2,1,45:00:00,5,16,0.313,0,2,0,10,12,0.833,1,6,7,7,4,1,3,5,20,17.1
MJ,3,1,43:00:00,17,32,0.531,2,2,1,11,13,0.846,3,7,10,4,1,0,4,3,47,33.4
MJ,4,1,43:00:00,13,26,0.5,0,1,0,16,19,0.842,0,4,4,9,4,3,4,5,42,35.4
MJ,5,1,39:00:00,7,19,0.368,1,4,0.25,7,9,0.778,1,3,4,8,1,0,1,1,22,17.5
MJ,6,1,39:00:00,11,20,0.55,1,4,0.25,6,6,1,1,9,10,2,1,0,3,4,29,20.6
MJ,7,1,45:00:00,13,27,0.481,0,2,0,5,5,1,2,6,8,9,1,0,4,2,31,23
MJ,1,1,32:00:00,8,15,0.533,3,4,0.75,9,9,1,1,5,6,6,2,0,1,2,28,27.3
MJ,2,1,42:00:00,9,16,0.563,0,0,,8,9,0.889,1,4,5,5,0,1,2,2,26,21.3
MJ,3,1,39:00:00,14,28,0.5,0,2,0,5,5,1,1,2,3,7,6,1,1,3,33,29.7
MJ,1,1,31:00:00,8,15,0.533,0,1,0,13,15,0.867,0,5,5,5,3,1,1,2,29,27.8
MJ,2,1,40:00:00,12,26,0.462,0,5,0,5,7,0.714,1,7,8,9,1,1,1,4,29,23
MJ,3,1,42:00:00,20,34,0.588,0,0,,6,9,0.667,0,4,4,6,1,4,2,3,46,35
MJ,4,1,41:00:00,11,27,0.407,2,3,0.667,1,2,0.5,0,4,4,12,4,0,1,4,25,21.1
MJ,5,1,42:00:00,14,31,0.452,0,2,0,10,11,0.909,4,15,19,7,0,1,4,3,38,29.2
MJ,1,1,38:00:00,6,15,0.4,0,1,0,10,13,0.769,0,3,3,6,3,0,6,4,22,13.2
MJ,2,1,39:00:00,10,20,0.5,2,2,1,13,14,0.929,2,1,3,7,2,0,3,2,35,29.4
MJ,3,1,46:00:00,11,19,0.579,0,0,,11,12,0.917,0,7,7,7,3,5,1,4,33,34.6
MJ,4,1,37:00:00,11,17,0.647,1,2,0.5,6,9,0.667,0,8,8,8,1,2,2,2,29,27.9
MJ,1,1,40:00:00,14,24,0.583,1,1,1,7,9,0.778,2,6,8,12,3,0,4,5,36,32.6
MJ,2,1,36:00:00,15,18,0.833,0,1,0,3,4,0.75,1,6,7,13,2,1,4,4,33,34.7
MJ,3,1,52:00:00,11,28,0.393,1,1,1,6,6,1,4,5,9,9,4,2,3,5,29,24.8
MJ,4,1,44:00:00,11,20,0.55,0,1,0,6,6,1,1,4,5,13,0,2,1,3,28,28.6
MJ,5,1,48:00:00,12,23,0.522,0,0,,6,8,0.75,0,4,4,10,5,2,6,1,30,26.1
MJ,1,1,41:00:00,21,34,0.618,0,0,,4,4,1,1,10,11,9,3,1,5,4,46,37.7
MJ,2,1,35:00:00,12,23,0.522,0,0,,9,10,0.9,4,9,13,6,2,0,4,3,33,27.8
MJ,3,1,43:00:00,20,30,0.667,0,0,,16,18,0.889,1,4,5,5,4,2,2,3,56,49.8
MJ,1,1,44:00:00,12,23,0.522,0,0,,7,8,0.875,1,5,6,3,1,3,2,4,31,23.1
MJ,2,1,43:00:00,12,24,0.5,0,0,,3,8,0.375,1,5,6,5,3,0,2,2,27,18.9
MJ,3,1,44:00:00,12,24,0.5,1,3,0.333,7,10,0.7,1,8,9,3,3,1,6,2,32,20.9
MJ,4,1,44:00:00,12,26,0.462,0,2,0,5,6,0.833,2,2,4,4,0,0,0,1,29,19.6
MJ,5,1,40:00:00,11,23,0.478,0,0,,15,17,0.882,2,3,5,3,1,0,4,3,37,24.7
MJ,6,1,45:00:00,9,25,0.36,1,5,0.2,2,4,0.5,0,4,4,8,0,1,7,0,21,6.8
MJ,7,1,42:00:00,15,29,0.517,0,0,,12,13,0.923,3,3,6,4,2,3,5,3,42,31
MJ,1,1,40:00:00,15,29,0.517,1,2,0.5,2,2,1,1,5,6,7,2,1,1,0,33,27.5
MJ,2,1,35:00:00,7,22,0.318,0,0,,6,7,0.857,8,3,11,3,3,2,6,3,20,12.8
MJ,3,1,43:00:00,13,27,0.481,1,1,1,9,10,0.9,3,3,6,9,1,0,5,3,36,26
MJ,4,1,44:00:00,15,33,0.455,1,3,0.333,4,5,0.8,2,3,5,6,3,0,5,3,35,20.8
MJ,5,1,39:00:00,13,28,0.464,0,0,,11,12,0.917,0,3,3,5,4,0,0,4,37,29
MJ,6,1,44:00:00,10,27,0.37,0,0,,9,9,1,1,7,8,8,2,0,3,3,29,20.3
MJ,1,1,34:00:00,16,27,0.593,6,10,0.6,1,1,1,2,1,3,11,2,0,1,0,39,36.9
MJ,2,1,50:00:00,16,32,0.5,0,4,0,7,9,0.778,1,4,5,10,1,0,5,5,39,25.1
MJ,3,1,41:00:00,11,22,0.5,0,1,0,4,4,1,2,5,7,4,3,0,5,4,26,17.1
MJ,4,1,44:00:00,11,26,0.423,2,6,0.333,8,8,1,0,5,5,6,0,0,5,4,32,17.3
MJ,5,1,42:00:00,14,23,0.609,2,4,0.5,16,19,0.842,0,5,5,4,0,1,4,5,46,33.3
MJ,6,1,43:00:00,13,24,0.542,2,3,0.667,5,5,1,1,3,4,4,4,1,4,3,33,25.3
MJ,1,1,29:00:00,15,26,0.577,2,4,0.5,3,4,0.75,3,4,7,5,0,0,0,3,35,28
MJ,2,1,38:00:00,10,24,0.417,2,4,0.5,7,8,0.875,0,6,6,4,3,4,0,5,29,24.2
MJ,3,1,40:00:00,16,28,0.571,2,5,0.4,5,5,1,0,7,7,4,2,1,4,4,39,27.8
MJ,1,1,42:00:00,16,30,0.533,0,4,0,11,11,1,0,0,0,4,3,1,3,3,43,30.7
MJ,2,1,31:00:00,8,18,0.444,0,2,0,2,5,0.4,2,3,5,6,2,0,2,0,18,13.9
MJ,3,1,40:00:00,12,24,0.5,0,1,0,8,10,0.8,2,4,6,5,2,0,2,1,32,24.9
MJ,4,1,40:00:00,11,24,0.458,2,2,1,7,9,0.778,3,6,9,6,2,1,4,2,31,23.8
MJ,1,1,43:00:00,10,27,0.37,2,4,0.5,5,6,0.833,1,1,2,5,4,0,1,5,27,17.2
MJ,2,1,39:00:00,12,32,0.375,1,7,0.143,11,13,0.846,3,6,9,1,2,0,3,3,36,20
MJ,3,1,38:00:00,3,18,0.167,0,0,,16,17,0.941,1,7,8,11,2,2,2,1,22,21.7
MJ,4,1,39:00:00,18,30,0.6,6,9,0.667,12,14,0.857,0,6,6,2,2,1,2,5,54,41.3
MJ,5,1,45:00:00,11,24,0.458,0,1,0,7,9,0.778,2,8,10,14,2,1,5,2,29,26.3
MJ,6,1,45:00:00,8,24,0.333,1,4,0.25,8,9,0.889,0,2,2,9,3,2,1,4,25,19.7
MJ,1,1,43:00:00,14,28,0.5,0,1,0,3,4,0.75,2,5,7,5,5,1,2,2,31,25.9
MJ,2,1,40:00:00,18,36,0.5,2,2,1,4,5,0.8,5,7,12,9,2,0,5,2,42,31.7
MJ,3,1,57:00:00,19,43,0.442,3,9,0.333,3,6,0.5,3,6,9,6,2,1,3,5,44,26.1
MJ,4,1,46:00:00,21,37,0.568,0,1,0,13,18,0.722,1,7,8,4,0,0,1,3,55,38.9
MJ,5,1,44:00:00,16,29,0.552,2,7,0.286,7,10,0.7,1,6,7,7,0,2,2,5,41,30.7
MJ,6,1,44:00:00,13,26,0.5,3,5,0.6,4,6,0.667,3,5,8,7,1,0,3,3,33,24.5
MJ,1,1,47:00:00,18,32,0.563,1,4,0.25,11,11,1,1,8,9,8,1,1,3,1,48,39.8
MJ,2,1,40:00:00,13,25,0.52,3,6,0.5,3,6,0.5,3,4,7,7,0,0,5,5,32,19.7
MJ,3,1,38:00:00,9,19,0.474,1,2,0.5,6,7,0.857,2,4,6,3,4,2,6,3,25,17.8
MJ,4,1,41:00:00,8,21,0.381,3,5,0.6,5,6,0.833,1,3,4,5,3,0,3,4,24,15.6
MJ,1,1,40:00:00,8,22,0.364,0,2,0,3,5,0.6,2,3,5,3,1,0,8,2,19,2.6
MJ,2,1,43:00:00,17,30,0.567,1,1,1,3,8,0.375,3,4,7,3,4,4,2,4,38,30.4
MJ,3,1,43:00:00,15,31,0.484,0,3,0,10,10,1,4,3,7,4,0,1,4,3,40,26.3
MJ,4,1,44:00:00,9,21,0.429,0,1,0,8,8,1,2,5,7,3,4,0,4,2,26,19.1
MJ,5,1,45:00:00,15,28,0.536,1,4,0.25,8,8,1,0,4,4,2,2,2,0,1,39,31
MJ,6,1,39:00:00,8,19,0.421,1,2,0.5,7,10,0.7,2,7,9,7,4,4,6,5,24,19.9
MJ,1,1,38:00:00,13,22,0.591,0,1,0,9,12,0.75,2,2,4,2,1,1,4,5,35,22.7
MJ,2,1,32:00:00,9,17,0.529,2,3,0.667,9,12,0.75,0,4,4,4,1,0,0,0,29,24.5
MJ,3,1,33:00:00,10,23,0.435,3,6,0.5,3,3,1,1,2,3,2,3,0,0,0,26,19.6
MJ,1,1,41:00:00,17,35,0.486,1,5,0.2,9,9,1,1,4,5,2,0,0,1,4,44,27
MJ,2,1,40:00:00,11,25,0.44,1,3,0.333,5,5,1,3,2,5,5,3,0,2,0,28,22.1
MJ,3,1,51:00:00,17,35,0.486,2,5,0.4,10,13,0.769,3,1,4,2,2,0,4,2,46,28.1
MJ,4,1,40:00:00,7,23,0.304,2,7,0.286,11,13,0.846,2,6,8,8,2,1,0,5,27,22.4
MJ,5,1,43:00:00,13,29,0.448,1,2,0.5,8,9,0.889,1,1,2,5,2,0,2,5,35,22
MJ,1,1,37:00:00,9,17,0.529,1,2,0.5,2,3,0.667,2,5,7,4,2,0,3,3,21,15.8
MJ,2,1,43:00:00,9,21,0.429,2,4,0.5,15,16,0.938,1,4,5,6,4,1,2,2,35,31.5
MJ,3,1,39:00:00,5,14,0.357,1,1,1,6,11,0.545,3,4,7,4,2,1,2,1,17,13.6
MJ,4,1,44:00:00,16,23,0.696,3,4,0.75,10,14,0.714,2,1,3,5,1,1,4,5,45,34.6
MJ,1,1,41:00:00,9,18,0.5,1,4,0.25,9,10,0.9,0,7,7,2,2,1,2,4,28,21.2
MJ,2,1,43:00:00,9,22,0.409,1,2,0.5,10,16,0.625,2,4,6,8,2,0,2,3,29,21.8
MJ,3,1,41:00:00,11,23,0.478,3,4,0.75,11,11,1,2,1,3,5,2,0,3,1,36,28.1
MJ,4,1,41:00:00,6,19,0.316,0,2,0,11,13,0.846,1,2,3,2,1,0,4,3,23,9.8
MJ,5,1,43:00:00,11,22,0.5,0,4,0,4,5,0.8,2,2,4,1,1,0,2,3,26,15.1
MJ,6,1,43:00:00,5,19,0.263,1,3,0.333,11,12,0.917,3,6,9,7,2,0,5,3,22,14.9
MJ,1,1,42:00:00,12,25,0.48,0,1,0,5,5,1,0,8,8,8,2,0,3,5,29,21.3
MJ,2,1,44:00:00,22,35,0.629,1,2,0.5,10,10,1,3,4,7,2,2,0,2,3,55,42.8
MJ,3,1,43:00:00,14,24,0.583,0,5,0,0,0,,1,1,2,6,0,1,2,2,28,19.9
MJ,1,1,44:00:00,13,25,0.52,1,3,0.333,7,10,0.7,3,8,11,6,4,3,3,3,34,31.1
MJ,2,1,44:00:00,12,29,0.414,0,6,0,3,3,1,6,10,16,6,0,1,1,2,27,21.8
MJ,3,1,39:00:00,8,20,0.4,0,1,0,5,5,1,3,6,9,3,2,2,5,3,21,13.4
MJ,4,1,43:00:00,12,22,0.545,0,2,0,3,5,0.6,2,6,8,4,2,1,5,1,27,18.9
MJ,5,1,40:00:00,9,23,0.391,1,5,0.2,5,5,1,2,5,7,7,2,0,2,0,24,19.3
MJ,1,1,42:00:00,15,31,0.484,0,2,0,7,10,0.7,3,6,9,3,1,1,2,3,37,24.6
MJ,2,1,43:00:00,4,15,0.267,0,1,0,15,16,0.938,2,7,9,3,4,1,2,1,23,21.6
MJ,3,1,36:00:00,14,25,0.56,1,2,0.5,5,5,1,3,5,8,1,1,0,3,3,34,23.2
MJ,4,1,45:00:00,9,35,0.257,0,8,0,11,13,0.846,4,4,8,1,1,0,2,2,29,10.2
MJ,5,1,43:00:00,11,31,0.355,1,4,0.25,5,6,0.833,1,5,6,5,2,2,4,4,28,13.8
MJ,1,1,41:00:00,13,27,0.481,0,0,,5,7,0.714,1,3,4,8,0,1,0,3,31,23.2
MJ,2,1,45:00:00,11,20,0.55,1,2,0.5,15,21,0.714,4,9,13,9,2,0,5,2,38,34
MJ,3,1,40:00:00,9,22,0.409,4,10,0.4,4,5,0.8,0,3,3,6,1,2,1,1,26,19.9
MJ,4,1,42:00:00,11,27,0.407,0,4,0,0,0,,1,3,4,4,0,0,3,3,22,7.7
MJ,5,1,44:00:00,13,27,0.481,2,5,0.4,10,12,0.833,2,5,7,5,3,1,3,3,38,29.4
MJ,6,1,44:00:00,15,35,0.429,1,4,0.25,8,10,0.8,1,10,11,4,1,1,1,2,39,26.1
MJ,1,1,47:00:00,11,27,0.407,0,2,0,17,23,0.739,0,7,7,3,1,1,3,1,39,24.6
MJ,2,1,39:00:00,9,19,0.474,0,0,,14,17,0.824,1,3,4,2,1,1,5,2,32,20
MJ,3,1,44:00:00,16,22,0.727,2,2,1,4,5,0.8,2,2,4,3,2,1,2,2,38,32.6
MJ,1,1,44:00:00,11,26,0.423,1,3,0.333,12,14,0.857,4,7,11,4,1,1,3,0,35,26.8
MJ,2,1,40:00:00,10,21,0.476,0,3,0,2,3,0.667,1,4,5,6,0,0,0,2,22,16.2
MJ,3,1,39:00:00,9,20,0.45,0,1,0,9,10,0.9,3,2,5,6,1,0,3,3,27,19.9
MJ,4,1,40:00:00,14,31,0.452,0,1,0,3,3,1,0,3,3,4,1,0,2,1,31,17.2
MJ,5,1,42:00:00,15,29,0.517,0,3,0,3,4,0.75,1,3,4,3,2,1,0,3,33,23.5
MJ,1,1,41:00:00,11,28,0.393,0,0,,9,10,0.9,2,4,6,1,5,0,1,1,31,22.3
MJ,2,1,42:00:00,13,22,0.591,0,1,0,15,18,0.833,0,4,4,5,4,0,0,3,41,37.1
MJ,3,1,43:00:00,9,22,0.409,2,3,0.667,10,12,0.833,1,3,4,7,1,0,5,3,30,18.7
MJ,4,1,41:00:00,12,27,0.444,1,3,0.333,3,4,0.75,2,3,5,2,0,2,6,4,28,11
MJ,5,1,36:00:00,12,20,0.6,2,4,0.5,3,4,0.75,1,6,7,4,1,1,0,2,29,25.6
MJ,6,1,42:00:00,12,23,0.522,1,4,0.25,10,11,0.909,1,4,5,2,1,0,3,4,35,23
MJ,7,1,42:00:00,9,25,0.36,0,0,,10,15,0.667,5,4,9,8,0,0,2,3,28,19.2
MJ,1,1,46:00:00,13,29,0.448,1,2,0.5,6,8,0.75,1,2,3,2,0,2,0,3,33,20
MJ,2,1,40:00:00,14,33,0.424,0,2,0,9,10,0.9,3,2,5,3,1,1,0,2,37,24.8
MJ,3,1,32:00:00,7,14,0.5,0,0,,10,11,0.909,1,2,3,2,1,1,2,1,24,18.6
MJ,4,1,43:00:00,12,27,0.444,0,0,,10,15,0.667,3,5,8,2,2,0,3,1,34,21.5
MJ,5,1,45:00:00,9,26,0.346,0,2,0,10,11,0.909,1,3,4,4,3,0,4,4,28,14.8
MJ,6,1,44:00:00,15,35,0.429,3,7,0.429,12,15,0.8,0,1,1,1,4,0,1,2,45,28.5
